Month,ROI
November,383.50289495450784
December,382.02251435478996
February,378.82123086942363
October,377.44588221066635
March,365.6836892204785
August,361.4859962269627
May,358.5219128187052
July,350.95124851367416
April,347.64931832936594
September,346.20751341681574
January,345.05971469645027
June,322.5324059437243
